{
  "config": {
    "data": "data/fineweb_100mb.txt",
    "params": "50m",
    "batch_size": 4,
    "chunk_size": 512,
    "max_steps": 1000,
    "lr": 0.0003
  },
  "results": [
    {
      "model": "2",
      "num_params": 50014656,
      "losses": [
        8.5625,
        2.8125,
        2.703125,
        2.4375,
        2.1875,
        2.15625,
        2.34375,
        2.28125,
        2.171875,
        2.125,
        2.125,
        2.140625,
        2.21875,
        2.09375,
        2.0,
        2.0625,
        2.359375,
        1.984375,
        2.0625,
        2.015625,
        2.15625
      ],
      "grad_norms": [
        9.0625,
        1.4375,
        2.0,
        1.671875,
        1.5859375,
        2.46875,
        1.5,
        1.5390625,
        1.59375,
        1.5859375,
        1.5390625,
        1.8125,
        1.9375,
        2.28125,
        2.296875,
        1.71875,
        1.7890625,
        1.96875,
        2.140625,
        2.015625,
        1.734375
      ],
      "step_times_ms": [
        1458.0366611480713,
        1045.8829402923584,
        1045.961856842041,
        1045.820951461792,
        1048.3813285827637,
        1049.1793155670166,
        1049.4921207427979,
        1049.0431785583496,
        1049.0648746490479,
        1049.077033996582,
        1048.9754676818848,
        1049.0617752075195,
        1049.1905212402344,
        1048.9983558654785,
        1049.1375923156738,
        1049.2689609527588,
        1048.5284328460693,
        1049.5398044586182,
        1049.849033355713,
        1048.9611625671387,
        1048.9940643310547
      ],
      "final_loss": 2.5238095238095237,
      "final_grad_norm": 2.1752232142857144,
      "avg_step_time_ms": 1068.1164491744269,
      "total_time_s": 1049.0718457698822,
      "total_steps": 1000,
      "tokens_seen": 2048000
    }
  ]
}