{
  "config": {
    "data": "data/pile.txt",
    "dim": 1536,
    "depth": 20,
    "n_state": 256,
    "expansion": 2.0,
    "update_type": "delta",
    "proj_type": "no_z",
    "nonlin_type": "tanh",
    "state_type": "full",
    "decay": 0.9,
    "batch_size": 32,
    "chunk_size": 512,
    "steps": 10000,
    "train_minutes": 10.0,
    "lr": 0.0003,
    "log_every": 10,
    "output": "output/e74",
    "bf16": true,
    "no_cuda": false,
    "seed": 42
  },
  "n_params": 149847552,
  "final_loss": 3.1941775235262786,
  "steps": 56,
  "elapsed_minutes": 10.0454652428627,
  "tok_per_sec": 1495.0692977945866,
  "all_losses": [
    5.9389190673828125,
    4.786803245544434,
    5.3798699378967285,
    4.1875457763671875,
    4.33193826675415,
    4.160722732543945,
    4.013208389282227,
    3.6479175090789795,
    3.749654531478882,
    3.5612711906433105,
    3.6150619983673096,
    3.422501564025879,
    3.4028522968292236,
    3.236100196838379,
    3.4177513122558594,
    3.256584644317627,
    3.375366687774658,
    3.214054584503174,
    2.891023874282837,
    3.1256837844848633,
    2.987982749938965,
    2.9262914657592773,
    3.411540985107422,
    3.0112802982330322,
    3.0589301586151123,
    2.7810001373291016,
    2.9759206771850586,
    2.7822699546813965,
    2.926992177963257,
    3.097414970397949,
    2.8519699573516846,
    2.823887586593628,
    2.9637982845306396,
    2.9931838512420654,
    2.763950824737549,
    2.7508747577667236,
    2.934128522872925,
    2.8087515830993652,
    2.8082618713378906,
    2.763187885284424,
    2.863487482070923,
    2.761882781982422,
    2.733358860015869,
    2.8781814575195312,
    2.6064023971557617,
    2.6773643493652344,
    2.782197952270508,
    2.5938045978546143,
    2.6377816200256348,
    2.844433069229126,
    2.6896355152130127,
    2.6293911933898926,
    2.579185962677002,
    2.7512216567993164,
    2.514984607696533
  ]
}