{
  "config": {
    "data": "data/pile.txt",
    "dim": 1536,
    "depth": 20,
    "n_state": 192,
    "expansion": 2.0,
    "update_type": "delta",
    "proj_type": "no_z",
    "nonlin_type": "tanh",
    "state_type": "full",
    "decay": 0.9,
    "batch_size": 32,
    "chunk_size": 512,
    "steps": 10000,
    "train_minutes": 10.0,
    "lr": 0.0003,
    "log_every": 10,
    "output": "output/e74",
    "bf16": true,
    "no_cuda": false,
    "seed": 42
  },
  "n_params": 136084992,
  "final_loss": 3.249170599160371,
  "steps": 55,
  "elapsed_minutes": 10.055865693092347,
  "tok_per_sec": 1466.3680333488505,
  "all_losses": [
    5.854647636413574,
    4.9553728103637695,
    5.038549423217773,
    4.438339710235596,
    4.575932025909424,
    3.8812599182128906,
    4.819310188293457,
    4.192014217376709,
    3.9171857833862305,
    3.651557445526123,
    3.671421527862549,
    3.459988594055176,
    3.463803291320801,
    3.3087551593780518,
    3.4957737922668457,
    3.3228321075439453,
    3.361358880996704,
    3.291264772415161,
    2.9229981899261475,
    3.1985089778900146,
    2.9906435012817383,
    2.9602718353271484,
    3.443134069442749,
    3.0360541343688965,
    3.0640573501586914,
    2.854231357574463,
    3.0411858558654785,
    2.8075270652770996,
    2.975399971008301,
    3.0961551666259766,
    2.826967477798462,
    2.8088762760162354,
    2.9786124229431152,
    2.9933929443359375,
    2.7641735076904297,
    2.782257080078125,
    2.926158905029297,
    2.8167943954467773,
    2.8125417232513428,
    2.7716479301452637,
    2.8532135486602783,
    2.7706456184387207,
    2.7377452850341797,
    2.856187105178833,
    2.6023404598236084,
    2.666821002960205,
    2.7825655937194824,
    2.5845603942871094,
    2.6226940155029297,
    2.8054418563842773,
    2.688516855239868,
    2.617680311203003,
    2.560246706008911,
    2.735596179962158
  ]
}