{
  "config": {
    "data": "data/fineweb_100mb.txt",
    "params": "50m",
    "batch_size": 16,
    "chunk_size": 512,
    "max_steps": 1000,
    "lr": 0.0003
  },
  "results": [
    {
      "model": "0",
      "num_params": 49348096,
      "losses": [
        5.6875,
        2.203125,
        1.9453125,
        1.8203125,
        1.7734375,
        1.8984375,
        1.5078125,
        1.4921875,
        1.53125,
        1.703125,
        1.3515625,
        1.3671875,
        1.5859375,
        1.4296875,
        1.4140625,
        1.4453125,
        1.4453125,
        1.53125,
        1.828125,
        1.625,
        1.5546875
      ],
      "grad_norms": [
        9.0625,
        3.984375,
        3.203125,
        2.921875,
        2.578125,
        3.03125,
        2.03125,
        2.390625,
        1.953125,
        2.515625,
        1.875,
        1.921875,
        2.25,
        2.078125,
        2.203125,
        2.171875,
        2.75,
        2.40625,
        2.984375,
        2.484375,
        2.203125
      ],
      "step_times_ms": [
        992.4004077911377,
        353.712797164917,
        379.6975612640381,
        376.0225772857666,
        327.6095390319824,
        380.58924674987793,
        372.2696304321289,
        384.0456008911133,
        327.73733139038086,
        378.4139156341553,
        380.6443214416504,
        366.1231994628906,
        382.3533058166504,
        378.66830825805664,
        376.2204647064209,
        367.8302764892578,
        363.45648765563965,
        372.94626235961914,
        387.7406120300293,
        372.7607727050781,
        339.04385566711426
      ],
      "final_loss": 1.5546875,
      "final_grad_norm": 2.203125,
      "avg_step_time_ms": 398.10887972513837,
      "total_time_s": 375.7302792072296
    }
  ]
}