{
  "config": {
    "data": "data/fineweb_100mb.txt",
    "params": "50m",
    "batch_size": 16,
    "chunk_size": 512,
    "max_steps": 1000,
    "lr": 0.0003
  },
  "results": [
    {
      "model": "0",
      "num_params": 48742912,
      "losses": [
        5.65625,
        1.8984375,
        1.765625,
        1.5,
        1.5234375,
        1.34375,
        1.578125,
        1.4140625,
        1.4375,
        1.8203125,
        1.5546875
      ],
      "grad_norms": [
        9.375,
        2.9375,
        2.34375,
        1.9609375,
        1.9765625,
        1.640625,
        2.171875,
        2.0,
        2.578125,
        2.828125,
        2.09375
      ],
      "step_times_ms": [
        738.593578338623,
        283.06102752685547,
        277.08911895751953,
        276.4146327972412,
        290.41099548339844,
        277.0497798919678,
        277.5003910064697,
        277.9073715209961,
        276.87692642211914,
        277.6679992675781,
        284.46030616760254
      ],
      "final_loss": 1.9538352272727273,
      "final_grad_norm": 2.9005681818181817,
      "avg_step_time_ms": 321.54837521639735,
      "total_time_s": 283.102730512619
    }
  ]
}