{
  "config": {
    "data": "data/pile.txt",
    "dim": 1536,
    "depth": 20,
    "n_state": 96,
    "expansion": 2.0,
    "update_type": "delta",
    "proj_type": "no_z",
    "nonlin_type": "tanh",
    "state_type": "full",
    "decay": 0.9,
    "batch_size": 32,
    "chunk_size": 512,
    "steps": 10000,
    "train_minutes": 10.0,
    "lr": 0.0003,
    "log_every": 10,
    "output": "output/e74",
    "bf16": true,
    "no_cuda": false,
    "seed": 42
  },
  "n_params": 115441152,
  "final_loss": 1.8583820426464082,
  "steps": 440,
  "elapsed_minutes": 10.017484251658122,
  "tok_per_sec": 11966.703780624803,
  "all_losses": [
    5.7972211837768555,
    4.814023971557617,
    4.678915023803711,
    4.686252593994141,
    4.731335639953613,
    4.11383056640625,
    3.8613076210021973,
    3.749394416809082,
    3.6402101516723633,
    3.5668187141418457,
    3.604090690612793,
    3.330366611480713,
    3.411098003387451,
    3.2585644721984863,
    3.5163140296936035,
    3.350148916244507,
    3.382570505142212,
    3.328413248062134,
    3.0734691619873047,
    3.2599456310272217,
    3.0935463905334473,
    3.0312066078186035,
    3.4848110675811768,
    3.0912230014801025,
    3.1395530700683594,
    2.8556711673736572,
    3.067685604095459,
    2.8682665824890137,
    3.037609338760376,
    3.1607437133789062,
    2.917628288269043,
    2.896493673324585,
    3.117569923400879,
    3.08333683013916,
    2.8426806926727295,
    2.8515143394470215,
    3.015395164489746,
    2.893251895904541,
    2.890019416809082,
    2.847501516342163,
    2.9700865745544434,
    2.8778738975524902,
    2.8137545585632324,
    2.944504737854004,
    2.686026096343994,
    2.739665985107422,
    2.845397472381592,
    2.660196304321289,
    2.700589179992676,
    2.90234112739563,
    2.772099494934082,
    2.698781967163086,
    2.6561903953552246,
    2.7885496616363525,
    2.5842318534851074,
    2.811140298843384,
    2.5983123779296875,
    2.8302154541015625,
    2.9265689849853516,
    2.6618192195892334,
    2.600553512573242,
    2.55721378326416,
    2.538329839706421,
    2.5768585205078125,
    2.6835012435913086,
    2.7011542320251465,
    2.500288963317871,
    2.466169834136963,
    2.51939058303833,
    2.6332383155822754,
    2.562011241912842,
    2.5416271686553955,
    2.713648796081543,
    2.80090069770813,
    2.3656678199768066,
    2.5614683628082275,
    2.457578182220459,
    2.6360702514648438,
    2.634831428527832,
    2.431814432144165,
    2.4626426696777344,
    2.4611430168151855,
    2.619027614593506,
    2.3822433948516846,
    2.5788803100585938,
    2.6815037727355957,
    2.46173095703125,
    2.4403865337371826,
    2.614614486694336,
    2.442595958709717,
    2.5730857849121094,
    2.370703935623169,
    2.460700511932373,
    2.5032458305358887,
    2.5080883502960205,
    2.5204033851623535,
    2.502903461456299,
    2.3742661476135254,
    2.360264301300049,
    2.4646549224853516,
    2.429008960723877,
    2.5410494804382324,
    2.470212459564209,
    2.513500213623047,
    2.3314390182495117,
    2.390038013458252,
    2.5095388889312744,
    2.3882815837860107,
    2.521151065826416,
    2.4160046577453613,
    2.4017086029052734,
    2.422694206237793,
    2.340883731842041,
    2.3839540481567383,
    2.4792213439941406,
    2.3726842403411865,
    2.3090264797210693,
    2.4705593585968018,
    2.27765154838562,
    2.5020411014556885,
    2.3044676780700684,
    2.531724214553833,
    2.364326238632202,
    2.247851848602295,
    2.2289717197418213,
    2.399080276489258,
    2.2386574745178223,
    2.3925046920776367,
    2.3735780715942383,
    2.2117624282836914,
    2.215512752532959,
    2.2689242362976074,
    2.4087581634521484,
    2.2289199829101562,
    2.2107186317443848,
    2.2309181690216064,
    2.2712783813476562,
    2.331181049346924,
    2.3973069190979004,
    2.314739227294922,
    2.167877674102783,
    2.3220832347869873,
    2.26279354095459,
    2.237428665161133,
    2.3195440769195557,
    2.3609275817871094,
    2.2431626319885254,
    2.2038216590881348,
    2.2717063426971436,
    2.1443121433258057,
    2.159226655960083,
    2.1274735927581787,
    2.250852108001709,
    2.3068113327026367,
    2.261281728744507,
    2.08046293258667,
    2.19399356842041,
    2.1566574573516846,
    2.257399559020996,
    2.2482824325561523,
    2.184872627258301,
    2.0894646644592285,
    2.1933603286743164,
    2.230842351913452,
    2.0797553062438965,
    2.155121326446533,
    2.0990352630615234,
    2.148719072341919,
    2.139852523803711,
    2.1511640548706055,
    2.1945674419403076,
    2.255751132965088,
    2.12106990814209,
    2.0626683235168457,
    2.1094436645507812,
    2.164499044418335,
    2.1620535850524902,
    2.2905681133270264,
    2.1042885780334473,
    2.181440830230713,
    2.155977964401245,
    2.090970516204834,
    2.1939315795898438,
    2.1431784629821777,
    2.130673885345459,
    2.09763765335083,
    2.171807289123535,
    2.175726890563965,
    2.187826156616211,
    2.164505958557129,
    2.0355730056762695,
    2.101123809814453,
    2.0054025650024414,
    2.163867950439453,
    2.0516412258148193,
    2.2685484886169434,
    2.2704739570617676,
    2.1776561737060547,
    2.144805669784546,
    2.222900390625,
    1.9937317371368408,
    2.2052838802337646,
    2.103759765625,
    2.0045042037963867,
    2.0427677631378174,
    1.9943231344223022,
    2.0905518531799316,
    2.09315824508667,
    2.2277841567993164,
    2.1636481285095215,
    2.209738254547119,
    2.134143352508545,
    1.9935914278030396,
    2.076793670654297,
    2.115222454071045,
    2.021122932434082,
    2.0253701210021973,
    2.027451992034912,
    2.184898853302002,
    2.057375431060791,
    1.9799185991287231,
    1.9613924026489258,
    2.004222869873047,
    2.0698161125183105,
    1.9256545305252075,
    2.192105293273926,
    2.240924119949341,
    2.1316213607788086,
    2.0224599838256836,
    1.8844754695892334,
    1.9766087532043457,
    2.0889832973480225,
    2.052903652191162,
    1.9857699871063232,
    1.9678153991699219,
    2.0378289222717285,
    2.191650390625,
    2.296464204788208,
    2.079456090927124,
    2.118960380554199,
    2.033188819885254,
    1.9563982486724854,
    2.106266498565674,
    2.0937623977661133,
    1.9638862609863281,
    2.006129026412964,
    1.9743914604187012,
    2.0685834884643555,
    1.9522600173950195,
    1.9557867050170898,
    1.8654123544692993,
    1.8537440299987793,
    2.136646270751953,
    1.9630783796310425,
    2.004956007003784,
    2.038318395614624,
    2.233353614807129,
    1.9326765537261963,
    2.1455092430114746,
    1.943571925163269,
    2.092278480529785,
    2.05997371673584,
    2.0165719985961914,
    2.0735864639282227,
    2.044175148010254,
    2.0204591751098633,
    2.039856433868408,
    2.098156690597534,
    2.095855951309204,
    2.026494026184082,
    2.0571413040161133,
    1.9438486099243164,
    1.9445337057113647,
    1.9592292308807373,
    1.9649276733398438,
    2.0027081966400146,
    1.9268923997879028,
    1.9459805488586426,
    2.0353872776031494,
    1.8727941513061523,
    1.9804342985153198,
    2.145345449447632,
    1.947333574295044,
    1.866150975227356,
    1.9072802066802979,
    1.9630337953567505,
    1.806916356086731,
    2.0111355781555176,
    2.1416168212890625,
    1.941490888595581,
    2.1019928455352783,
    1.9801228046417236,
    2.1049070358276367,
    1.9588468074798584,
    1.9611217975616455,
    1.939107894897461,
    1.883760690689087,
    1.9831528663635254,
    1.847113847732544,
    1.8683600425720215,
    1.8521157503128052,
    1.886493444442749,
    1.9475688934326172,
    2.0642733573913574,
    2.0726065635681152,
    2.0503952503204346,
    1.842362403869629,
    1.9133670330047607,
    1.8530874252319336,
    1.9670089483261108,
    1.950286626815796,
    1.989861249923706,
    1.9221611022949219,
