{
  "config": {
    "data": "data/fineweb_100mb.txt",
    "params": "50m",
    "batch_size": 16,
    "chunk_size": 512,
    "max_steps": 1000,
    "lr": 0.0003
  },
  "results": [
    {
      "model": "mamba2",
      "num_params": 50928750,
      "losses": [
        5.65625,
        2.171875,
        1.8359375,
        1.6953125,
        1.6640625,
        1.8203125,
        1.3984375,
        1.4140625,
        1.5,
        1.65625,
        1.3046875,
        1.375,
        1.546875,
        1.3984375,
        1.3515625,
        1.40625,
        1.390625,
        1.484375,
        1.8046875,
        1.5859375,
        1.5078125
      ],
      "grad_norms": [
        4.5,
        1.5625,
        1.8125,
        1.6640625,
        1.578125,
        2.140625,
        1.2734375,
        1.3984375,
        1.3203125,
        1.625,
        1.15625,
        1.3828125,
        1.4453125,
        1.375,
        1.28125,
        1.3125,
        1.53125,
        1.4921875,
        1.9375,
        1.515625,
        1.34375
      ],
      "step_times_ms": [
        13314.48245048523,
        120.92757225036621,
        121.21295928955078,
        99.41959381103516,
        99.30062294006348,
        102.38814353942871,
        102.88715362548828,
        95.32475471496582,
        99.6708869934082,
        102.62727737426758,
        102.42152214050293,
        102.69045829772949,
        99.70307350158691,
        99.83444213867188,
        100.88872909545898,
        99.21908378601074,
        98.90270233154297,
        98.45471382141113,
        110.71062088012695,
        99.76673126220703,
        99.43103790283203
      ],
      "final_loss": 1.5078125,
      "final_grad_norm": 1.34375,
      "avg_step_time_ms": 731.9173585800897,
      "total_time_s": 114.7716715335846
    }
  ]
}