{
  "config": {
    "data": "data/fineweb_100mb.txt",
    "params": "50m",
    "batch_size": 16,
    "chunk_size": 512,
    "max_steps": 1000,
    "lr": 0.0003
  },
  "results": [
    {
      "model": "mamba2",
      "num_params": 50928750,
      "losses": [
        5.71875,
        2.15625,
        1.828125,
        1.6953125,
        1.65625,
        1.8125,
        1.40625,
        1.421875,
        1.4921875,
        1.6484375,
        1.296875,
        1.375,
        1.546875,
        1.390625,
        1.359375,
        1.40625,
        1.390625,
        1.484375,
        1.7890625,
        1.5859375,
        1.5078125
      ],
      "grad_norms": [
        4.34375,
        1.5234375,
        1.90625,
        1.578125,
        1.6015625,
        2.109375,
        1.28125,
        1.3828125,
        1.3125,
        1.625,
        1.1640625,
        1.3828125,
        1.46875,
        1.359375,
        1.25,
        1.3046875,
        1.5234375,
        1.5234375,
        1.9453125,
        1.5390625,
        1.359375
      ],
      "step_times_ms": [
        13528.25927734375,
        95.68285942077637,
        95.81851959228516,
        95.78967094421387,
        115.75770378112793,
        95.72243690490723,
        97.73397445678711,
        98.13356399536133,
        98.01793098449707,
        97.55492210388184,
        96.6331958770752,
        98.46854209899902,
        96.08793258666992,
        117.03109741210938,
        96.18234634399414,
        96.30966186523438,
        95.59369087219238,
        96.96197509765625,
        97.71728515625,
        97.7640151977539,
        97.73921966552734
      ],
      "final_loss": 1.5078125,
      "final_grad_norm": 1.359375,
      "avg_step_time_ms": 738.3314200810024,
      "total_time_s": 113.0177071094513
    }
  ]
}