{
  "config": {
    "data": "data/fineweb_100mb.txt",
    "params": "50m",
    "batch_size": 4,
    "chunk_size": 512,
    "max_steps": 1000,
    "lr": 0.0003
  },
  "results": [
    {
      "model": "gru",
      "num_params": 19022592,
      "losses": [
        7.5625,
        2.921875,
        2.71875,
        2.375,
        2.109375,
        2.15625,
        2.28125,
        2.125,
        2.109375,
        2.015625,
        2.03125,
        2.046875,
        2.15625,
        1.9921875,
        1.875,
        1.953125,
        2.25,
        1.875,
        1.953125,
        1.8984375,
        2.0625
      ],
      "grad_norms": [
        24.625,
        7.125,
        4.15625,
        3.078125,
        2.375,
        3.6875,
        2.3125,
        3.03125,
        3.09375,
        2.640625,
        2.53125,
        2.453125,
        3.125,
        3.875,
        3.828125,
        3.078125,
        3.59375,
        3.78125,
        3.828125,
        3.046875,
        2.984375
      ],
      "step_times_ms": [
        2717.256784439087,
        2175.0762462615967,
        2193.9051151275635,
        1807.2350025177002,
        1806.5810203552246,
        1779.8998355865479,
        1785.2025032043457,
        1712.8632068634033,
        1714.609146118164,
        1774.6875286102295,
        1780.7044982910156,
        1768.754005432129,
        1711.388349533081,
        1710.958480834961,
        1714.8408889770508,
        1711.5836143493652,
        1716.1474227905273,
        1713.0379676818848,
        1711.1506462097168,
        1723.2906818389893,
        1706.899642944336
      ],
      "final_loss": 2.4032738095238093,
      "final_grad_norm": 4.392857142857143,
      "avg_step_time_ms": 1830.2891708555676,
      "total_time_s": 1803.4723830223083
    }
  ]
}