{
  "config": {
    "data": "data/fineweb_100mb.txt",
    "params": "50m",
    "batch_size": 4,
    "chunk_size": 512,
    "max_steps": 1000,
    "lr": 0.0003
  },
  "results": [
    {
      "model": "gru",
      "num_params": 19022592,
      "losses": [
        7.5625,
        2.921875,
        2.71875,
        2.375,
        2.109375,
        2.15625,
        2.28125,
        2.125,
        2.109375,
        2.015625,
        2.03125,
        2.046875,
        2.15625,
        1.9921875,
        1.875,
        1.953125,
        2.25,
        1.875,
        1.953125,
        1.8984375,
        2.0625
      ],
      "grad_norms": [
        24.625,
        7.125,
        4.15625,
        3.078125,
        2.375,
        3.6875,
        2.3125,
        3.03125,
        3.09375,
        2.640625,
        2.53125,
        2.453125,
        3.125,
        3.875,
        3.828125,
        3.078125,
        3.59375,
        3.78125,
        3.828125,
        3.046875,
        2.984375
      ],
      "step_times_ms": [
        2572.917938232422,
        2003.4630298614502,
        1987.1788024902344,
        1962.0699882507324,
        1954.2367458343506,
        1848.6154079437256,
        1813.2803440093994,
        1810.2941513061523,
        1859.8856925964355,
        1771.993637084961,
        1726.1757850646973,
        1708.968162536621,
        1745.0785636901855,
        1711.9238376617432,
        1704.8683166503906,
        1704.3867111206055,
        1696.7229843139648,
        1711.3661766052246,
        1697.448492050171,
        1712.249755859375,
        1716.5791988372803
      ],
      "final_loss": 2.4032738095238093,
      "final_grad_norm": 4.392857142857143,
      "avg_step_time_ms": 1829.509701047625,
      "total_time_s": 1798.1898992061615
    }
  ]
}