{
  "config": {
    "data": "data/pile.txt",
    "dim": 1536,
    "depth": 20,
    "n_state": 2,
    "expansion": 2.0,
    "update_type": "delta",
    "proj_type": "no_z",
    "nonlin_type": "tanh",
    "state_type": "full",
    "decay": 0.9,
    "batch_size": 32,
    "chunk_size": 512,
    "steps": 10000,
    "train_minutes": 10.0,
    "lr": 0.0003,
    "log_every": 10,
    "output": "output/e74",
    "bf16": true,
    "no_cuda": false,
    "seed": 42
  },
  "n_params": 95227392,
  "final_loss": 3.802063144170321,
  "steps": 53,
  "elapsed_minutes": 10.128483319282532,
  "tok_per_sec": 1401.934151348586,
  "all_losses": [
    10.95485782623291,
    5.485234260559082,
    5.289384841918945,
    4.969010353088379,
    4.748752593994141,
    4.3693952560424805,
    4.179279804229736,
    4.040694236755371,
    3.8530774116516113,
    3.7331271171569824,
    3.7067999839782715,
    3.4915623664855957,
    3.589038372039795,
    3.416651725769043,
    3.593963146209717,
    3.531364917755127,
    3.6364593505859375,
    3.558436393737793,
    3.301673412322998,
    3.508314609527588,
    3.372652530670166,
    3.37091064453125,
    3.945253849029541,
    3.4559664726257324,
    3.5460658073425293,
    3.322906494140625,
    3.5012831687927246,
    3.3104939460754395,
    3.510092258453369,
    3.643706798553467,
    3.373958110809326,
    3.400306224822998,
    3.6249709129333496,
    3.719691276550293,
    3.3512682914733887,
    3.433889865875244,
    3.523129463195801,
    3.419790744781494,
    3.4058971405029297,
    3.404789447784424,
    3.5838232040405273,
    3.4393625259399414,
    3.4283738136291504,
    3.577727794647217,
    3.348686695098877,
    3.3741865158081055,
    3.4489455223083496,
    3.312135696411133,
    3.3069138526916504,
    3.5266127586364746,
    3.3910841941833496,
    3.3753294944763184
  ]
}