{
  "config": {
    "data": "data/fineweb_100mb.txt",
    "params": "50m",
    "batch_size": 4,
    "chunk_size": 512,
    "max_steps": 1000,
    "lr": 0.0003
  },
  "results": [
    {
      "model": "0",
      "num_params": 48742912,
      "losses": [
        5.65625,
        2.203125,
        2.15625,
        1.8984375,
        1.6171875,
        1.6640625,
        1.765625,
        1.7109375,
        1.5703125,
        1.6171875,
        1.5546875,
        1.5625,
        1.828125,
        1.4765625,
        1.4375,
        1.5234375,
        1.84375,
        1.5625,
        1.546875,
        1.53125,
        1.796875
      ],
      "grad_norms": [
        12.0,
        4.4375,
        4.25,
        3.546875,
        2.234375,
        2.65625,
        2.53125,
        2.546875,
        2.453125,
        2.265625,
        2.6875,
        2.59375,
        3.296875,
        2.984375,
        3.046875,
        2.515625,
        3.3125,
        2.96875,
        3.484375,
        2.625,
        3.09375
      ],
      "step_times_ms": [
        1016.8204307556152,
        266.8442726135254,
        350.91423988342285,
        268.34797859191895,
        270.57814598083496,
        357.9990863800049,
        364.8488521575928,
        267.76909828186035,
        284.78074073791504,
        327.01563835144043,
        276.60655975341797,
        322.42798805236816,
        276.721715927124,
        284.1672897338867,
        276.69715881347656,
        281.49938583374023,
        277.02951431274414,
        285.55822372436523,
        274.48225021362305,
        309.0054988861084,
        275.3419876098633
      ],
      "final_loss": 1.8820684523809523,
      "final_grad_norm": 3.40625,
      "avg_step_time_ms": 329.30743126642136,
      "total_time_s": 297.20296263694763
    }
  ]
}