{
  "config": {
    "data": "data/pile.txt",
    "dim": 1536,
    "depth": 20,
    "n_state": 8,
    "expansion": 2.0,
    "update_type": "delta",
    "proj_type": "no_z",
    "nonlin_type": "tanh",
    "state_type": "full",
    "decay": 0.9,
    "batch_size": 32,
    "chunk_size": 512,
    "steps": 10000,
    "train_minutes": 10.0,
    "lr": 0.0003,
    "log_every": 10,
    "output": "output/e74",
    "bf16": true,
    "no_cuda": false,
    "seed": 42
  },
  "n_params": 96517632,
  "final_loss": 3.3984229798410452,
  "steps": 52,
  "elapsed_minutes": 10.123949042956035,
  "tok_per_sec": 1375.5896973513125,
  "all_losses": [
    5.773928165435791,
    5.184876441955566,
    4.817502975463867,
    4.242736339569092,
    4.011991024017334,
    3.8018369674682617,
    3.691762924194336,
    3.714263916015625,
    3.551638603210449,
    3.492837429046631,
    3.574571132659912,
    3.2984089851379395,
    3.428739070892334,
    3.245356559753418,
    3.5049333572387695,
    3.3924357891082764,
    3.442960739135742,
    3.3997116088867188,
    3.133248805999756,
    3.3304672241210938,
    3.162200450897217,
    3.156839370727539,
    3.6657466888427734,
    3.2420811653137207,
    3.3141937255859375,
    3.0739145278930664,
    3.241558074951172,
    3.051445722579956,
    3.223015069961548,
    3.376103401184082,
    3.075061559677124,
    3.074829578399658,
    3.242274761199951,
    3.3752074241638184,
    3.048402786254883,
    3.07365083694458,
    3.2012939453125,
    3.047823429107666,
    3.081169366836548,
    3.063856840133667,
    3.1721792221069336,
    3.1036877632141113,
    3.0393638610839844,
    3.1575090885162354,
    2.984442949295044,
    2.961587429046631,
    3.07059645652771,
    2.910123586654663,
    2.9538822174072266,
    3.135767936706543,
    3.005554676055908
  ]
}