{
  "config": {
    "data": "data/fineweb_100mb.txt",
    "params": "50m",
    "batch_size": 4,
    "chunk_size": 512,
    "max_steps": 1000,
    "lr": 0.0003
  },
  "results": [
    {
      "model": "gru",
      "num_params": 19022592,
      "losses": [
        7.5625,
        2.921875,
        2.71875,
        2.375,
        2.109375,
        2.15625,
        2.28125,
        2.125,
        2.109375,
        2.015625,
        2.03125,
        2.046875,
        2.15625,
        1.9921875,
        1.875,
        1.953125,
        2.25,
        1.875,
        1.953125,
        1.8984375,
        2.0625
      ],
      "grad_norms": [
        24.625,
        7.125,
        4.15625,
        3.078125,
        2.375,
        3.6875,
        2.3125,
        3.03125,
        3.09375,
        2.640625,
        2.53125,
        2.453125,
        3.125,
        3.875,
        3.828125,
        3.078125,
        3.59375,
        3.78125,
        3.828125,
        3.046875,
        2.984375
      ],
      "step_times_ms": [
        2851.966619491577,
        2013.089895248413,
        1866.1105632781982,
        2004.2731761932373,
        2004.7881603240967,
        1993.811845779419,
        1990.9133911132812,
        1792.0811176300049,
        1785.9525680541992,
        1798.0461120605469,
        1772.0108032226562,
        1778.9967060089111,
        1775.6996154785156,
        1783.8523387908936,
        1781.0430526733398,
        1789.0043258666992,
        2120.5506324768066,
        1786.926507949829,
        1782.0158004760742,
        1778.6812782287598,
        1774.8966217041016
      ],
      "final_loss": 2.4032738095238093,
      "final_grad_norm": 4.392857142857143,
      "avg_step_time_ms": 1905.9386253356934,
      "total_time_s": 1857.6680266857147
    }
  ]
}