{
  "config": {
    "data": "data/fineweb_100mb.txt",
    "params": "50m",
    "batch_size": 4,
    "chunk_size": 512,
    "max_steps": 1000,
    "lr": 0.0003
  },
  "results": [
    {
      "model": "gru",
      "num_params": 19022592,
      "losses": [
        7.5625,
        2.921875,
        2.71875,
        2.375,
        2.109375,
        2.15625,
        2.28125,
        2.125,
        2.109375,
        2.015625,
        2.03125,
        2.046875,
        2.15625,
        1.9921875,
        1.875,
        1.953125,
        2.25,
        1.875,
        1.953125,
        1.8984375,
        2.0625
      ],
      "grad_norms": [
        24.625,
        7.125,
        4.15625,
        3.078125,
        2.375,
        3.6875,
        2.3125,
        3.03125,
        3.09375,
        2.640625,
        2.53125,
        2.453125,
        3.125,
        3.875,
        3.828125,
        3.078125,
        3.59375,
        3.78125,
        3.828125,
        3.046875,
        2.984375
      ],
      "step_times_ms": [
        2619.920492172241,
        2302.9961585998535,
        2195.4548358917236,
        2272.2256183624268,
        2280.8258533477783,
        2239.565372467041,
        2253.368139266968,
        2251.847505569458,
        2243.881940841675,
        2228.5375595092773,
        2238.284111022949,
        2215.0869369506836,
        2200.971841812134,
        2251.2924671173096,
        2239.105701446533,
        2219.526767730713,
        2253.451108932495,
        2236.6724014282227,
        2265.281915664673,
        2227.6058197021484,
        2213.881731033325
      ],
      "final_loss": 2.4032738095238093,
      "final_grad_norm": 4.392857142857143,
      "avg_step_time_ms": 2259.51353708903,
      "total_time_s": 2245.5030403137207
    }
  ]
}