{
  "config": {
    "data": "data/pile.txt",
    "dim": 1536,
    "depth": 12,
    "rank": 256,
    "batch_size": 32,
    "chunk_size": 512,
    "lr": 0.0003,
    "steps": 1000,
    "log_every": 50,
    "seed": 42,
    "backends": "fused"
  },
  "results": {
    "fused": {
      "backend": "fused",
      "losses": [
        [
          50,
          9.6759375
        ],
        [
          100,
          3.6121875
        ],
        [
          150,
          3.5178125
        ],
        [
          200,
          3.4678125
        ],
        [
          250,
          3.5759375
        ],
        [
          300,
          3.5784375
        ],
        [
          350,
          3.50125
        ],
        [
          400,
          3.4475
        ],
        [
          450,
          3.4340625
        ],
        [
          500,
          3.44375
        ],
        [
          550,
          3.550625
        ],
        [
          600,
          3.525
        ],
        [
          650,
          3.605
        ],
        [
          700,
          3.58
        ],
        [
          750,
          3.550625
        ],
        [
          800,
          3.520625
        ],
        [
          850,
          3.5565625
        ],
        [
          900,
          3.464375
        ],
        [
          950,
          3.5653125
        ],
        [
          1000,
          3.53125
        ]
      ],
      "total_time": 735.6345319747925,
      "avg_tok_per_sec": 22271.928910158094,
      "memory_peak_gb": 2.271297024,
      "final_loss": 3.53125
    }
  }
}