{
  "config": {
    "data": "data/fineweb_100mb.txt",
    "dim": 1536,
    "depth": 21,
    "rank": 256,
    "batch_size": 16,
    "chunk_size": 512,
    "lr": 0.0003,
    "steps": 500,
    "log_every": 50,
    "seed": 42,
    "backends": "original",
    "vocab_size": 256
  },
  "results": {
    "original": {
      "backend": "original",
      "losses": [
        [
          50,
          10.165
        ],
        [
          100,
          3.2896875
        ],
        [
          150,
          3.225625
        ],
        [
          200,
          3.2215625
        ],
        [
          250,
          3.115
        ],
        [
          300,
          3.178125
        ],
        [
          350,
          3.1640625
        ],
        [
          400,
          3.2
        ],
        [
          450,
          3.2703125
        ],
        [
          500,
          3.1765625
        ]
      ],
      "total_time": 634.598596572876,
      "avg_tok_per_sec": 6454.473776211107,
      "memory_peak_gb": 2.03775232,
      "final_loss": 3.1765625
    }
  }
}