{
  "config": {
    "data": "data/fineweb_100mb.txt",
    "dim": 1536,
    "depth": 21,
    "rank": 256,
    "batch_size": 16,
    "chunk_size": 512,
    "lr": 0.0003,
    "steps": 500,
    "log_every": 50,
    "seed": 42,
    "backends": "fused",
    "vocab_size": 256
  },
  "results": {
    "fused": {
      "backend": "fused",
      "losses": [
        [
          50,
          10.164375
        ],
        [
          100,
          3.286875
        ],
        [
          150,
          3.2253125
        ],
        [
          200,
          3.2228125
        ],
        [
          250,
          3.1140625
        ],
        [
          300,
          3.180625
        ],
        [
          350,
          3.164375
        ],
        [
          400,
          3.201875
        ],
        [
          450,
          3.2721875
        ],
        [
          500,
          3.178125
        ]
      ],
      "total_time": 624.1498100757599,
      "avg_tok_per_sec": 6562.527030974861,
      "memory_peak_gb": 2.03775232,
      "final_loss": 3.178125
    }
  }
}