{
  "config": {
    "data": "data/pile.txt",
    "dim": 1536,
    "depth": 12,
    "rank": 256,
    "batch_size": 32,
    "chunk_size": 512,
    "lr": 0.0003,
    "steps": 1000,
    "log_every": 50,
    "seed": 42,
    "backends": "original"
  },
  "results": {
    "original": {
      "backend": "original",
      "losses": [
        [
          50,
          9.6709375
        ],
        [
          100,
          3.615
        ],
        [
          150,
          3.4984375
        ],
        [
          200,
          3.4578125
        ],
        [
          250,
          3.41
        ],
        [
          300,
          3.1096875
        ],
        [
          350,
          2.8946875
        ],
        [
          400,
          2.834375
        ],
        [
          450,
          2.6425
        ],
        [
          500,
          2.671875
        ],
        [
          550,
          2.7084375
        ],
        [
          600,
          2.64875
        ],
        [
          650,
          2.64875
        ],
        [
          700,
          2.5275
        ],
        [
          750,
          2.695625
        ],
        [
          800,
          2.434375
        ],
        [
          850,
          2.3871875
        ],
        [
          900,
          2.2915625
        ],
        [
          950,
          2.30875
        ],
        [
          1000,
          2.20625
        ]
      ],
      "total_time": 831.4810228347778,
      "avg_tok_per_sec": 19704.59884236665,
      "memory_peak_gb": 2.271297024,
      "final_loss": 2.20625
    }
  }
}