{
  "config": {
    "data": "data/pile.txt",
    "dim": 512,
    "depth": 10,
    "rank": 256,
    "batch_size": 4,
    "chunk_size": 128,
    "lr": 0.0003,
    "steps": 5,
    "log_every": 1,
    "seed": 42,
    "backends": "fused",
    "vocab_size": 256
  },
  "results": {
    "fused": {
      "backend": "fused",
      "losses": [
        [
          1,
          10.125
        ],
        [
          2,
          9.8125
        ],
        [
          3,
          9.75
        ],
        [
          4,
          9.625
        ],
        [
          5,
          7.90625
        ]
      ],
      "total_time": 0.9675047397613525,
      "avg_tok_per_sec": 2645.9818694340006,
      "memory_peak_gb": 0.097060352,
      "final_loss": 7.90625
    }
  }
}