{
  "config": {
    "data": "data/pile.txt",
    "dim": 1024,
    "depth": 12,
    "rank": 128,
    "batch_size": 32,
    "chunk_size": 512,
    "lr": 0.0003,
    "steps": 1000,
    "log_every": 50,
    "seed": 42,
    "backends": "fused,b2b"
  },
  "results": {
    "fused": {
      "backend": "fused",
      "losses": [
        [
          50,
          8.375625
        ],
        [
          100,
          3.316875
        ],
        [
          150,
          3.0
        ],
        [
          200,
          2.7790625
        ],
        [
          250,
          2.7975
        ],
        [
          300,
          2.7015625
        ],
        [
          350,
          2.5728125
        ],
        [
          400,
          2.5034375
        ],
        [
          450,
          2.4284375
        ],
        [
          500,
          2.3725
        ],
        [
          550,
          2.4221875
        ],
        [
          600,
          2.4303125
        ],
        [
          650,
          2.4303125
        ],
        [
          700,
          2.366875
        ],
        [
          750,
          2.320625
        ],
        [
          800,
          2.3109375
        ],
        [
          850,
          2.2784375
        ],
        [
          900,
          2.2303125
        ],
        [
          950,
          2.241875
        ],
        [
          1000,
          2.1975
        ]
      ],
      "total_time": 802.6100068092346,
      "avg_tok_per_sec": 20413.401105144916,
      "memory_peak_gb": 1.460499968,
      "final_loss": 2.1975
    },
    "b2b": {
      "backend": "b2b",
      "losses": [
        [
          50,
          8.35125
        ],
        [
          100,
          3.5428125
        ],
        [
          150,
          3.16375
        ],
        [
          200,
          2.876875
        ],
        [
          250,
          2.9284375
        ],
        [
          300,
          2.8265625
        ],
        [
          350,
          2.7046875
        ],
        [
          400,
          2.63
        ],
        [
          450,
          2.5675
        ],
        [
          500,
          2.5884375
        ],
        [
          550,
          2.5909375
        ],
        [
          600,
          2.605
        ],
        [
          650,
          2.6284375
        ],
        [
          700,
          2.571875
        ],
        [
          750,
          2.5028125
        ],
        [
          800,
          2.4540625
        ],
        [
          850,
          2.455625
        ],
        [
          900,
          2.41125
        ],
        [
          950,
          2.41
        ],
        [
          1000,
          2.3571875
        ]
      ],
      "total_time": 2577.6904871463776,
      "avg_tok_per_sec": 6356.077303190053,
      "memory_peak_gb": 1.460573696,
      "final_loss": 2.3571875
    }
  }
}