{
  "config": {
    "data": "/home/erikg/elman/data/pile.txt",
    "params": "1b",
    "batch_size": 48,
    "chunk_size": 512,
    "max_steps": 1000,
    "lr": 0.0003
  },
  "results": [
    {
      "model": "mamba2",
      "num_params": 852503450,
      "losses": [
        5.90625,
        1.203125,
        2.375,
        1.8671875,
        1.359375,
        2.453125,
        1.546875,
        2.03125,
        1.5625,
        1.46875,
        1.3984375,
        1.984375,
        1.65625,
        1.1796875,
        1.3203125,
        1.5546875,
        1.3671875,
        1.5,
        1.609375,
        1.5546875,
        1.875,
        2.25,
        1.40625,
        2.109375,
        1.3671875,
        1.5234375,
        1.453125,
        1.75,
        1.3984375,
        1.4296875,
        1.28125,
        1.3046875,
        1.5390625,
        1.28125
      ],
      "grad_norms": [
        16.25,
        5.0,
        3.328125,
        1.890625,
        1.4765625,
        3.625,
        1.296875,
        2.953125,
        1.3203125,
        1.6328125,
        2.328125,
        1.4453125,
        1.109375,
        0.63671875,
        0.8203125,
        1.2421875,
        0.8046875,
        1.0234375,
        2.8125,
        0.984375,
        2.1875,
        5.6875,
        1.2734375,
        4.28125,
        0.91796875,
        1.2421875,
        1.4453125,
        5.34375,
        1.1171875,
        0.99609375,
        1.296875,
        1.5078125,
        1.3828125,
        1.0859375
      ],
      "step_times_ms": [
        16441.38813018799,
        2154.0684700012207,
        2139.784574508667,
        2145.4148292541504,
        2161.710500717163,
        2150.8312225341797,
        2141.0470008850098,
        2145.148515701294,
        2134.1514587402344,
        2137.3846530914307,
        2148.750066757202,
        2160.691976547241,
        2128.199815750122,
        2152.1270275115967,
        2123.1868267059326,
        2111.47403717041,
        2127.5765895843506,
        2107.821226119995,
        2121.474504470825,
        2110.3718280792236,
        2111.8078231811523,
        2136.6209983825684,
        2117.537260055542,
        2137.017011642456,
        2129.4994354248047,
        2132.6959133148193,
        2118.8676357269287,
        2140.6123638153076,
        2140.4194831848145,
        2139.221668243408,
        2142.915725708008,
        2165.419816970825,
        2145.535469055176,
        2148.4951972961426
      ],
      "final_loss": 1.7313878676470589,
      "final_grad_norm": 2.404296875,
      "avg_step_time_ms": 2557.331442832947,
      "total_time_s": 3601.637938261032,
      "total_steps": 1680,
      "tokens_seen": 41263104
    }
  ]
}