{
  "config": {
    "data": "data/fineweb_100mb.txt",
    "params": "50m",
    "batch_size": 4,
    "chunk_size": 512,
    "max_steps": 100,
    "lr": 0.0003
  },
  "results": [
    {
      "model": "0",
      "num_params": 48742912,
      "losses": [
        5.65625,
        4.09375,
        2.5,
        2.3125,
        1.8359375,
        2.15625
      ],
      "grad_norms": [
        12.0,
        9.625,
        4.46875,
        3.890625,
        3.25,
        4.375
      ],
      "step_times_ms": [
        703.6862373352051,
        228.06668281555176,
        247.72000312805176,
        234.7888946533203,
        243.14379692077637,
        235.06593704223633
      ],
      "final_loss": 3.0924479166666665,
      "final_grad_norm": 6.268229166666667,
      "avg_step_time_ms": 315.41192531585693,
      "total_time_s": 24.227132320404053,
      "total_steps": 100,
      "tokens_seen": 204800
    }
  ]
}