{
  "config": {
    "data": "data/fineweb_100mb.txt",
    "params": "50m",
    "batch_size": 16,
    "chunk_size": 512,
    "max_steps": 1000,
    "lr": 0.0003
  },
  "results": [
    {
      "model": "pure",
      "num_params": 49328896,
      "losses": [
        5.6875,
        2.421875,
        2.109375,
        1.96875,
        1.953125,
        2.046875,
        1.6796875,
        1.65625,
        1.671875,
        1.8359375,
        1.5390625,
        1.5703125,
        1.7421875,
        1.5703125,
        1.5703125,
        1.59375,
        1.5859375,
        1.6796875,
        1.953125,
        1.75,
        1.703125
      ],
      "grad_norms": [
        4.3125,
        2.34375,
        2.203125,
        2.515625,
        2.234375,
        2.859375,
        2.203125,
        2.4375,
        2.015625,
        2.484375,
        1.9765625,
        2.0625,
        2.296875,
        2.296875,
        2.171875,
        2.1875,
        2.6875,
        2.359375,
        3.3125,
        2.421875,
        2.140625
      ],
      "step_times_ms": [
        1100.9066104888916,
        537.6336574554443,
        553.659200668335,
        543.5316562652588,
        549.4322776794434,
        546.0820198059082,
        540.2207374572754,
        546.6098785400391,
        548.2945442199707,
        487.73860931396484,
        557.2783946990967,
        503.74746322631836,
        537.294864654541,
        539.870023727417,
        541.0659313201904,
        547.3206043243408,
        542.4871444702148,
        544.3041324615479,
        550.4758358001709,
        525.9175300598145,
        550.9107112884521
      ],
      "final_loss": 1.703125,
      "final_grad_norm": 2.140625,
      "avg_step_time_ms": 566.4181822822208,
      "total_time_s": 543.2351677417755
    }
  ]
}