{
  "config": {
    "data": "data/pile.txt",
    "params": "50m",
    "batch_size": 4,
    "chunk_size": 512,
    "max_steps": 1000,
    "lr": 0.0003
  },
  "results": [
    {
      "model": "23",
      "num_params": 50297600,
      "losses": [
        5.625,
        2.71875,
        4.34375,
        2.078125,
        3.796875,
        3.546875,
        2.5,
        1.8984375,
        1.8046875,
        2.40625,
        2.359375,
        2.140625,
        2.15625
      ],
      "grad_norms": [
        6.84375,
        2.015625,
        8.1875,
        4.09375,
        3.203125,
        2.828125,
        6.46875,
        2.78125,
        1.65625,
        2.71875,
        2.25,
        2.171875,
        3.8125
      ],
      "step_times_ms": [
        1341.442584991455,
        926.4652729034424,
        927.4454116821289,
        917.1898365020752,
        929.1412830352783,
        922.9843616485596,
        929.6951293945312,
        930.3781986236572,
        931.6880702972412,
        932.1484565734863,
        920.7897186279297,
        931.1504364013672,
        931.0944080352783
      ],
      "final_loss": 2.875,
      "final_grad_norm": 3.7716346153846154,
      "avg_step_time_ms": 959.3548591320331,
      "total_time_s": 600.3188846111298,
      "total_steps": 647,
      "tokens_seen": 1323008
    }
  ]
}