{
  "timestamp": "2026-01-13T06:21:17.747040",
  "train_minutes": 60,
  "results": {
    "50M": {
      "E1": {
        "loss": 1.435185,
        "throughput": 231329.79,
        "final_step": 6550,
        "n_samples": 100
      },
      "E33": {
        "loss": 1.4435660000000001,
        "throughput": 233842.54,
        "final_step": 8850,
        "n_samples": 100
      },
      "E42": {
        "loss": 1.333177,
        "throughput": 191165.72,
        "final_step": 5440,
        "n_samples": 100
      },
      "Mamba2": {
        "loss": 1.8018233333333336,
        "throughput": 105956.75,
        "final_step": 2950,
        "n_samples": 60
      }
    },
    "100M": {
      "E1": {
        "loss": 1.416275,
        "throughput": 118995.03,
        "final_step": 5430,
        "n_samples": 100
      },
      "E33": {
        "loss": 1.494972,
        "throughput": 132053.16,
        "final_step": 6660,
        "n_samples": 100
      },
      "E42": {
        "loss": 1.4424549999999998,
        "throughput": 92646.61,
        "final_step": 4220,
        "n_samples": 100
      },
      "Mamba2": {
        "loss": 1.7377641509433963,
        "throughput": 57951.56603773585,
        "final_step": 2600,
        "n_samples": 53
      }
    },
    "250M": {
      "E1": {
        "loss": 1.5756999999999999,
        "throughput": 52192.09,
        "final_step": 3960,
        "n_samples": 100
      },
      "E33": {
        "loss": 1.545548,
        "throughput": 58105.74,
        "final_step": 5310,
        "n_samples": 100
      },
      "E42": {
        "loss": 1.414584,
        "throughput": 42810.09,
        "final_step": 3210,
        "n_samples": 100
      },
      "Mamba2": {
        "loss": 1.635125925925926,
        "throughput": 35611.351851851854,
        "final_step": 2650,
        "n_samples": 54
      }
    },
    "500M": {
      "E1": {
        "loss": 1.51498,
        "throughput": 30177.36,
        "final_step": 3400,
        "n_samples": 100
      },
      "E33": {
        "loss": 1.5766419999999999,
        "throughput": 28437.76,
        "final_step": 3680,
        "n_samples": 100
      },
      "E42": {
        "loss": 1.6584649999999999,
        "throughput": 21328.17,
        "final_step": 2420,
        "n_samples": 100
      },
      "Mamba2": {
        "loss": 1.676091891891892,
        "throughput": 16227.621621621622,
        "final_step": 1800,
        "n_samples": 37
      }
    },
    "1B": {
      "E1": {
        "loss": 1.764179,
        "throughput": 13501.04,
        "final_step": 2040,
        "n_samples": 100
      },
      "E33": {
        "loss": 1.799824,
        "throughput": 14758.43,
        "final_step": 2680,
        "n_samples": 100
      },
      "E42": {
        "loss": 1.813785,
        "throughput": 8513.63,
        "final_step": 1300,
        "n_samples": 100
      },
      "Mamba2": {
        "loss": 1.7313823529411765,
        "throughput": 11037.470588235294,
        "final_step": 1650,
        "n_samples": 34
      }
    }
  }
}