{
  "timestamp": "2026-01-13T04:29:09.696306",
  "results": {
    "50M": {
      "E1": {
        "loss": 1.435185,
        "throughput": 231329.79,
        "final_step": 6550,
        "n_samples": 100
      },
      "E33": {
        "loss": 1.4435660000000001,
        "throughput": 233842.54,
        "final_step": 8850,
        "n_samples": 100
      },
      "E42": {
        "loss": 1.333177,
        "throughput": 191165.72,
        "final_step": 5440,
        "n_samples": 100
      },
      "Mamba2": {
        "loss": 1.8018233333333336,
        "throughput": 105956.75,
        "final_step": 2950,
        "n_samples": 60
      }
    },
    "100M": {
      "E1": {
        "loss": 1.416275,
        "throughput": 118995.03,
        "final_step": 5430,
        "n_samples": 100
      },
      "E33": {
        "loss": 1.494972,
        "throughput": 132053.16,
        "final_step": 6660,
        "n_samples": 100
      },
      "E42": {
        "loss": 1.4424549999999998,
        "throughput": 92646.61,
        "final_step": 4220,
        "n_samples": 100
      },
      "Mamba2": {
        "loss": 1.7377641509433963,
        "throughput": 57951.56603773585,
        "final_step": 2600,
        "n_samples": 53
      }
    }
  }
}