{
  "config": {
    "data": "data/fineweb_100mb.txt",
    "params": "50m",
    "batch_size": 4,
    "chunk_size": 512,
    "max_steps": 1000,
    "lr": 0.0003
  },
  "results": [
    {
      "model": "gru",
      "num_params": 19022592,
      "losses": [
        7.5625,
        2.921875,
        2.71875,
        2.375,
        2.109375,
        2.15625,
        2.28125,
        2.125,
        2.109375,
        2.015625,
        2.03125,
        2.046875,
        2.15625,
        1.9921875,
        1.875,
        1.953125,
        2.25,
        1.875,
        1.953125,
        1.8984375,
        2.0625
      ],
      "grad_norms": [
        24.625,
        7.125,
        4.15625,
        3.078125,
        2.375,
        3.6875,
        2.3125,
        3.03125,
        3.09375,
        2.640625,
        2.53125,
        2.453125,
        3.125,
        3.875,
        3.828125,
        3.078125,
        3.59375,
        3.78125,
        3.828125,
        3.046875,
        2.984375
      ],
      "step_times_ms": [
        2669.238567352295,
        2465.8968448638916,
        2396.7444896698,
        2447.821855545044,
        2326.8752098083496,
        2334.4202041625977,
        2324.022054672241,
        2274.273157119751,
        2216.827154159546,
        2163.7520790100098,
        2176.3527393341064,
        2173.3508110046387,
        2169.6486473083496,
        2169.7661876678467,
        2166.890859603882,
        2118.3910369873047,
        1900.0217914581299,
        1929.0556907653809,
        1936.4230632781982,
        1925.5046844482422,
        1928.3373355865479
      ],
      "final_loss": 2.4032738095238093,
      "final_grad_norm": 4.392857142857143,
      "avg_step_time_ms": 2200.648307800293,
      "total_time_s": 2190.1175553798676
    }
  ]
}