{
  "config": {
    "data": "data/fineweb_100mb.txt",
    "params": "50m",
    "batch_size": 16,
    "chunk_size": 512,
    "max_steps": 1000,
    "lr": 0.0003
  },
  "results": [
    {
      "model": "0",
      "num_params": 49348096,
      "losses": [
        5.71875,
        2.1875,
        1.953125,
        1.828125,
        1.78125,
        1.8984375,
        1.5078125,
        1.484375,
        1.5234375,
        1.6953125,
        1.34375,
        1.3671875,
        1.5859375,
        1.4296875,
        1.4140625,
        1.4453125,
        1.453125,
        1.5234375,
        1.828125,
        1.6171875,
        1.5546875
      ],
      "grad_norms": [
        9.25,
        3.3125,
        3.28125,
        2.96875,
        2.53125,
        3.3125,
        2.015625,
        2.375,
        1.9921875,
        2.515625,
        1.765625,
        1.8984375,
        2.296875,
        2.171875,
        2.15625,
        2.125,
        2.703125,
        2.390625,
        2.984375,
        2.515625,
        2.28125
      ],
      "step_times_ms": [
        1052.217721939087,
        439.08143043518066,
        446.89393043518066,
        438.57526779174805,
        433.59827995300293,
        453.3674716949463,
        440.78755378723145,
        440.02842903137207,
        431.16307258605957,
        432.7387809753418,
        440.69600105285645,
        444.9501037597656,
        436.66791915893555,
        438.74382972717285,
        433.26807022094727,
        442.2330856323242,
        441.2961006164551,
        425.8606433868408,
        436.18273735046387,
        433.21824073791504,
        453.4459114074707
      ],
      "final_loss": 1.5546875,
      "final_grad_norm": 2.28125,
      "avg_step_time_ms": 468.3340276990618,
      "total_time_s": 439.3760907649994
    }
  ]
}