{
  "config": {
    "data": "data/fineweb_100mb.txt",
    "params": "50m",
    "batch_size": 16,
    "chunk_size": 512,
    "max_steps": 1000,
    "lr": 0.0003
  },
  "results": [
    {
      "model": "pure",
      "num_params": 49328896,
      "losses": [
        5.65625,
        2.421875,
        2.140625,
        1.984375,
        1.953125,
        2.046875,
        1.6796875,
        1.65625,
        1.671875,
        1.828125,
        1.5390625,
        1.5703125,
        1.7421875,
        1.5625,
        1.578125,
        1.59375,
        1.59375,
        1.6796875,
        1.953125,
        1.75,
        1.703125
      ],
      "grad_norms": [
        4.28125,
        1.4296875,
        2.25,
        2.734375,
        2.3125,
        2.765625,
        2.296875,
        2.328125,
        2.03125,
        2.46875,
        1.9921875,
        2.03125,
        2.25,
        2.3125,
        2.171875,
        2.140625,
        2.53125,
        2.34375,
        3.484375,
        2.484375,
        2.09375
      ],
      "step_times_ms": [
        1083.3520889282227,
        541.2764549255371,
        537.6482009887695,
        538.2435321807861,
        542.6228046417236,
        534.2717170715332,
        536.292552947998,
        538.0010604858398,
        545.257568359375,
        550.0478744506836,
        548.1264591217041,
        546.9820499420166,
        548.5949516296387,
        546.715259552002,
        546.8950271606445,
        548.0856895446777,
        545.2206134796143,
        547.1878051757812,
        550.757884979248,
        544.3170070648193,
        548.9511489868164
      ],
      "final_loss": 1.703125,
      "final_grad_norm": 2.09375,
      "avg_step_time_ms": 569.9451310294015,
      "total_time_s": 541.1858677864075
    }
  ]
}